component2,component3,component5,component6,component7,component8,component9,component10,component11,component12,component13,component15
-0.7159268914500537,-0.3882687921456734,3.032233914367973,4.499785450160726,-1.6724448812528112,1.461124486636183,1.1895878211657018,0.4982096332428865,-1.2139481185621814,-1.4084047314967256,-1.617120602629398,-0.6850709719120325
-0.7159268914500537,-0.3882687921456734,3.032233914367973,4.499785450160726,-1.6724448812528112,1.461124486636183,1.1895878211657018,0.4982096332428865,-1.2139481185621814,-1.4084047314967256,-1.617120602629398,-0.6850709719120325
